entity
/ Perú
A.
Academia
Academia de Balompié Boliviano
Achacachi
Achachicala
Achocalla
Achocallla
Achumani
Adele
Aguas del Illimani
Aires
Alausí
Alema
Alemania
Allende
Alto
Alto Obra
Alto Obrajes
Alto Pacasa
Alto Següencoma
Always
Ambato
Americana
Andinatel
Antisana
Antofagasta
Argentina
Asia
Asociación Departamental de Productores de Coca
Asodina
Atahualpa Mena Chillogallo
AuronPlay
Australia
Avaroa
Axes
Ayacucho
Año
Año Nuevo
BMI
Balompié Boliviano
Banco Central
Banco Ecuatoriano de la Vivienda
Bangkok
Barbies
Barcelona
Barrientos
Barrio Nuevo
Barrios
Batman
Baños de Agua Santa
Bellavista
Beni
Bobcat
Bogotá
Bolivia
Bolonia
Bosnia
Bosnia Herzegovina
Brasi
Brasil
Breaking Bad
Buenos
Bush
C. J.
CIOS
CNT
COFADENA
Caicedo
Caja de Pensiones
Calaco
Calacoto
Calatayud
Calderón
Cali
Calle
Camacho
Can
Canadá
Carcelén
Carlos Tevez
Carnaval
Carnaval de Oruro
Carnaval de acá de La Paz del Prado
Carnavales
Carolina
Carrera de Arte ¿
Casani
Ceja
Centro
Centroamérica
Chacaltaya
Chacaltaya de la Zona Norte
Challapata
Chapulí
Chara
Charaña
Chasquipampa
Chevrolet
Chifa
Chile
Chillogallo
Chimoré
China
Chunchi
Chuquisaca
Circunvalación B
Ciudad del Niño
Ciudadela Gatazo
Club Bolívar
Co
Cobija
Coca
Coca Lago Agrio
Cochabamba
Cocina Popular
Colombia
Colonial
Comité del Pueblo
Concordia
Conde
Condominio
Condori
Conocoto
Constitución
Copacabana
Core
Corea
Coroico
Coronavirus
Correa
Costa Rica
Cota Cota
Cotopaxi
Cotopaxí
Covid
Covid ¿
Cristo Viene
Cruz
Cruz Roja
Cruz Roja Juventud
Cuba
Cuenca
Cuero
Cumbayá Puembo
Curazao
Cyrano
D. ¡
D. ¿
Derecho
Didi
Digitech
Digitel
Dios
Dios ¿
Disney
Don E.
Doña
Día de La Paz
Día de la Madre
E.
Ecuador
Ecuador ¿
El A
El Alto
El Alto Oruro de Potosí Cochabamba
Eloy Alfaro
Embajada de Bolivia
Embajador
Emelec
Emeraldo
Entre Río
Escala
Escudo
Escuela Superior
Esmeraldas
España
Estado
Estado /
Estado ¿
Estados Unidos
Europa
Europa ¿
Evo Morales
Ex Tranca
Face
Facultad de Ciencias Sociales
Feliz Día de La Paz
Fiat
Fifa
Fin de Año
Ford Maverick
Forno
Forno ¿
Franco Escamilla
Fédération Internationale de Football Association
G. /
Gasca
Gestapo
Globo
Gobierno
Goni
Google
Guagua Pichincha
Guagua Pichincha el Ruco Pichincha
Guaranda
Guayaquil
Guápulo
H.
Hampaturi
Hermano Miguel
Hitachi eso ¿
Holandés
Hong Kong
Horca del Inca ¿
Hospital La Paz ¿
Huarina
Huayna Potosí
I.
I. /
I. bueno
I. tenía más
I:<tiempo
IESS
IETEL
Ibarra
Ichimbía
Iglesia
Iglesia nosotros
Inami
Infinity War
Informática Industrial
Inglate
Inglaterra
Inglaterra ¿
Instagram
Instituto
Instituto Ecuatoriano de Seguridad Social
Inti
Intiraymi
Invasión
Iphone
Italia
Italiano
J.
J. / ¿
J. estoy
J. me imagino
J. ¿
James Rodríguez
Japó
Japón
Jesús
Jesús ¿
Jirón
Johnny Depp
Jurásico
Kalimá
Karachi
Kañuma
Kenko
Kiswaras
L.
La Ceja
La Huachaca
La Laz
La Pa
La Paz
La Paz Líder
La Paz Oruro
La Paz Oruro Potosí Santa Cruz Beni
La Paz ¿
La Paz/
Lago Agrio
Latacunga
Leonardo Fabio
Liceo
Liceo Francia
Liceo La Pa<alargamiento/>z Dora Schmidt
Liga
Lima
Lima Perú
Litoral
Loja
Loja Cuenca
Loja Quito
Londres
Los Andes
Los Yungas
Loyola
Lulú
Luribay Sorata
M. el chiquito saluda y saluda
Machachi
Machala
Madrilón
Mafa
Magdalena
Mallasa
Manabí
Manaco
Manta
Marvel
María Auxiliadora
Max Paredes
Medicina
Mercado Camacho
Mercado Lanza
Miami
Milluni
Mindo
Miraflores
Miraflores Zona Sur
Miravalle
Montañita
Montecristi
Monterrey
Montes
Mujeres Creando
Munaypata
México
N.
National
Navida
Navidad
Navidad Año Nuevo
Netflix
Nevada
Nicaragua
Nigeria
Nissan
Niño
Nochebuena
Nueva Zelanda
Obelisco
Obrajes
Odorico Paraguaçu
Omicrón
Organización No Gubernamental
Oriente
Orinoco
Orlando
Oru
Oruro
Oruro</sic
Otavalo
Oveju<alargamiento/>yo
P.
Pacasa
Pacífico
Padre Carolo
Palca
Pallatanga
Pampahasi
Pando
Papa
Papa Noel
Papá Noel
París
Patacama
Paz
Peaky Blinders
Pedernales
Pedrega
Pedro Domingo Murillo
Pedro Hammer
Pedro Muri
Pekín
Perez
Perú
Phuket
Picanto
Pil
Pilla
Pintado
Pisiga
Platón
Play
Playa Verde
Politécnica Nacional
Potosí
Potosí Sucre
Pradera
Princes
Provincia Murillo
Puerto Quito
Puma Katari
Puma Kataris
Pumas
Pura Pura
Puyo
Quebrada
Quevedo
Quito
Quito Quito
R. /
Ramón Retamo
Real Madrid
Recreo
René Barrientos
René Zamora
República Dominicana
Resort
Riberalta
Riobamba
Roma
Rosa
Rosa al Norte
Rurrenabaque
Rusia
Río Abajo
Río Grande
Río Mulato Uyuni Atocha Tupizahacia
S.
S. qué
Salar de Uyuni
Salle
Salomé
San Agustín
San Antonio
San José
San Ju
San Juan
San Juan Bosco
San Migue
San Miguel
San Pedro
San Pedro / San Pedro
San Pedro ahí me doy
San Rafael
San Ramón
San Remo
San Remos
San<
Santa Cruz
Santa Rita
Santiago
Santo Domingo
Santo domingo
Semana
Señor
Señor ¿
Shell Mera
Sheraton
Shushufindi el Coca Lago Agrio Tena Puyo
Solanda
Sopocachi
Sorata
Sozoranga
Spark
Stadium
Sucre
Sudamérica
Sur
Sur Yungas
Surani
Tabacundo
Tailandia
Taipei
Taiwán
Tambo Quema
Tarapa
Tari
Tarija
Thanksgiving
Tino
Tiwanaku
Toacazo
Todos Santos
Tumbaco
Tumusla
Tumusla // ahí
Tumusla vendía
Tupiza
Twitch
U
U. /
UDLA
UMSA
UPB
Uber
Unifranz
Universa
Universidad
Universidad / eh /
Universidad <vacilación/>
Universidad Católica
Universidad Central
Universidad Mayor de San Andrés
Universidad Metropolitana
Universidad Particular de Loja
Universidad Privada Boliviana
Unión Catalina
Uyuni
Valencia
Valle
Valle Hermoso
Venezuela
Versalles
Vicentino
Villa
Villa Adela
Villa Armonía
Villa Copacabana
Villa Fática
Villa Fátima
Villa Victoria
Villa el Carmen
Villamil
Villazón de Villazón
Vino Tinto
Watman
WhatsApp
Whatsapp
Yacuiba
Youtube
Yungas
Yungas ¿
Zolanda
Zona Sur
Zona Sur / Cota Cota /
Zongo
aeropuerto Alcantarí
aeropuerto de Chimoré
calle P.
colegio Ayacucho
colegio Spellman
colegio de la Salle
de Colombia
de Valencia
doña P.
en Estados Unidos
estrecho de Tiquina
está aquí don J.
hospital Obrero
información de Colombia
la India
lago Titicaca
llegó M. /
metro de Quito
parque Bicentenario
parque Metropolitano
parque Metropolitano acá en
parque Riosinho
parque de Mallasa
pequeña D.
señor P.
